{"count":1,"self":1107.6114432,"total":1639.061955,"children":{"InitializeActuators":{"count":16,"self":0.0032129,"total":0.0032129,"children":null},"InitializeSensors":{"count":16,"self":0.0035188999999999997,"total":0.0035188999999999997,"children":null},"AgentSendState":{"count":54367,"self":7.8599727999999995,"total":11.451303699999999,"children":{"CollectObservations":{"count":173984,"self":0.40614459999999997,"total":0.40614459999999997,"children":null},"WriteActionMask":{"count":173984,"self":0.0688553,"total":0.0688553,"children":null},"RequestDecision":{"count":173984,"self":0.42290049999999996,"total":3.1163312,"children":{"AgentInfo.ToProto":{"count":173984,"self":0.3367187,"total":2.6934307,"children":{"GenerateSensorData":{"count":173984,"self":1.9258115999999998,"total":2.356712,"children":{"RayPerceptionSensor.Perceive":{"count":173984,"self":0.43090029999999996,"total":0.43090029999999996,"children":null}}}}}}}}},"DecideAction":{"count":54367,"self":516.158464,"total":516.1584742,"children":null},"AgentAct":{"count":54367,"self":3.7195815999999997,"total":3.7377399,"children":{"AgentInfo.ToProto":{"count":537,"self":0.0085919999999999989,"total":0.018158399999999998,"children":{"GenerateSensorData":{"count":537,"self":0.0050311999999999996,"total":0.0095664,"children":{"RayPerceptionSensor.Perceive":{"count":537,"self":0.0045352,"total":0.0045352,"children":null}}}}}}},"AgentInfo.ToProto":{"count":2193,"self":0.0248916,"total":0.0963132,"children":{"GenerateSensorData":{"count":2193,"self":0.0652679,"total":0.0714216,"children":{"RayPerceptionSensor.Perceive":{"count":2193,"self":0.0061537,"total":0.0061537,"children":null}}}}}},"gauges":{"Guard.CumulativeReward":{"count":2730,"max":5.986001,"min":-0.9999907,"runningAverage":0.659664452,"value":0.963,"weightedAverage":1.12662184}},"metadata":{"timer_format_version":"0.1.0","start_time_seconds":"1769896374","unity_version":"6000.0.51f1","command_line_arguments":"C:\\Program Files\\Unity\\Hub\\Editor\\6000.0.51f1\\Editor\\Unity.exe -projectpath C:\\Users\\MehmetAli\\Desktop\\Unity\\GGJ2026 -acceptSoftwareTermsForThisRunOnly -useHub -hubIPC -cloudEnvironment production","communication_protocol_version":"1.5.0","com.unity.ml-agents_version":"3.0.0","scene_name":"Main","end_time_seconds":"1769898013"}}